<linker>
  <assembly fullname="Assembly-CSharp, Version=0.0.0.0, Culture=neutral, PublicKeyToken=null">
    <type fullname="ApplyCardColor" preserve="all" />
    <type fullname="ApplyCardTheme" preserve="all" />
    <type fullname="ApplyColorToBox" preserve="all" />
    <type fullname="Box" preserve="all" />
    <type fullname="BoxTriggerHandler" preserve="all" />
    <type fullname="Buffer" preserve="all" />
    <type fullname="BufferHead" preserve="all" />
    <type fullname="ButtonSoundUi" preserve="all" />
    <type fullname="Card" preserve="all" />
    <type fullname="CardClick" preserve="all" />
    <type fullname="CardDataSo" preserve="all" />
    <type fullname="CardFromBufferAnimation" preserve="all" />
    <type fullname="CardFromConveyorAnimation" preserve="all" />
    <type fullname="CardFromDumperAnimation" preserve="all" />
    <type fullname="CardFromHandAnimation" preserve="all" />
    <type fullname="CardMovement" preserve="all" />
    <type fullname="CardsInHandManager" preserve="all" />
    <type fullname="ColorSO" preserve="all" />
    <type fullname="Conveyor" preserve="all" />
    <type fullname="Decal" preserve="all" />
    <type fullname="DisableTextRaycast" preserve="all" />
    <type fullname="Dumper" preserve="all" />
    <type fullname="GameManager" preserve="all" />
    <type fullname="Hangar" preserve="all" />
    <type fullname="LevelReward" preserve="all" />
    <type fullname="QuitToMenuButton" preserve="all" />
    <type fullname="Receiver" preserve="all" />
    <type fullname="RepositionCardInBufferAnimation" preserve="all" />
    <type fullname="SetBackgroundMusic" preserve="all" />
    <type fullname="ShowInterstitialAfterLose" preserve="all" />
    <type fullname="ShowInterstitialAfterWin" preserve="all" />
    <type fullname="TeleportIN" preserve="all" />
    <type fullname="ThemeSO" preserve="all" />
    <type fullname="Tutorial" preserve="all" />
    <type fullname="UI_MusicButton" preserve="all" />
    <type fullname="UI_SoundButton" preserve="all" />
    <type fullname="UIManager" preserve="all" />
    <type fullname="YG.LanguageLegacy.LanguageYG" preserve="all" />
    <type fullname="YG.InfoYG/AutoTranslateLangsSettings" preserve="nothing" serialized="true" />
    <type fullname="YG.InfoYG/AutoTranslateLangsSettings/Fonts" preserve="nothing" serialized="true" />
    <type fullname="YG.InfoYG/AutoTranslateLangsSettings/FontsSizeCorrect" preserve="nothing" serialized="true" />
    <type fullname="YG.InfoYG/AutoTranslateLangsSettings/FontsTMP" preserve="nothing" serialized="true" />
    <type fullname="YG.InfoYG/AutoTranslateLangsSettings/Languages" preserve="nothing" serialized="true" />
  </assembly>
  <assembly fullname="Unity.Addressables, Version=0.0.0.0, Culture=neutral, PublicKeyToken=null" preserve="all">
    <type fullname="UnityEngine.AddressableAssets.Addressables" preserve="all" />
  </assembly>
  <assembly fullname="Unity.InputSystem, Version=1.14.0.0, Culture=neutral, PublicKeyToken=null">
    <type fullname="UnityEngine.InputSystem.InputActionAsset" preserve="all" />
    <type fullname="UnityEngine.InputSystem.InputActionReference" preserve="all" />
    <type fullname="UnityEngine.InputSystem.UI.InputSystemUIInputModule" preserve="all" />
    <type fullname="UnityEngine.InputSystem.InputAction" preserve="nothing" serialized="true" />
    <type fullname="UnityEngine.InputSystem.InputActionMap" preserve="nothing" serialized="true" />
    <type fullname="UnityEngine.InputSystem.InputBinding" preserve="nothing" serialized="true" />
    <type fullname="UnityEngine.InputSystem.InputControlScheme" preserve="nothing" serialized="true" />
    <type fullname="UnityEngine.InputSystem.InputControlScheme/DeviceRequirement" preserve="nothing" serialized="true" />
  </assembly>
  <assembly fullname="Unity.RenderPipelines.Core.Runtime, Version=0.0.0.0, Culture=neutral, PublicKeyToken=null">
    <type fullname="UnityEngine.Rendering.Volume" preserve="all" />
    <type fullname="UnityEngine.Rendering.VolumeProfile" preserve="all" />
    <type fullname="UnityEngine.Rendering.BoolParameter" preserve="nothing" serialized="true" />
    <type fullname="UnityEngine.Rendering.ClampedFloatParameter" preserve="nothing" serialized="true" />
    <type fullname="UnityEngine.Rendering.ClampedIntParameter" preserve="nothing" serialized="true" />
    <type fullname="UnityEngine.Rendering.ColorParameter" preserve="nothing" serialized="true" />
    <type fullname="UnityEngine.Rendering.MinFloatParameter" preserve="nothing" serialized="true" />
    <type fullname="UnityEngine.Rendering.TextureParameter" preserve="nothing" serialized="true" />
    <type fullname="UnityEngine.Rendering.Vector2Parameter" preserve="nothing" serialized="true" />
  </assembly>
  <assembly fullname="Unity.RenderPipelines.Universal.Runtime, Version=0.0.0.0, Culture=neutral, PublicKeyToken=null">
    <type fullname="UnityEngine.Rendering.Universal.Bloom" preserve="all" />
    <type fullname="UnityEngine.Rendering.Universal.MotionBlur" preserve="all" />
    <type fullname="UnityEngine.Rendering.Universal.Tonemapping" preserve="all" />
    <type fullname="UnityEngine.Rendering.Universal.UniversalAdditionalCameraData" preserve="all" />
    <type fullname="UnityEngine.Rendering.Universal.UniversalAdditionalLightData" preserve="all" />
    <type fullname="UnityEngine.Rendering.Universal.Vignette" preserve="all" />
    <type fullname="UnityEngine.Rendering.Universal.DownscaleParameter" preserve="nothing" serialized="true" />
    <type fullname="UnityEngine.Rendering.Universal.HDRACESPresetParameter" preserve="nothing" serialized="true" />
    <type fullname="UnityEngine.Rendering.Universal.MotionBlurModeParameter" preserve="nothing" serialized="true" />
    <type fullname="UnityEngine.Rendering.Universal.MotionBlurQualityParameter" preserve="nothing" serialized="true" />
    <type fullname="UnityEngine.Rendering.Universal.NeutralRangeReductionModeParameter" preserve="nothing" serialized="true" />
    <type fullname="UnityEngine.Rendering.Universal.TemporalAA/Settings" preserve="nothing" serialized="true" />
    <type fullname="UnityEngine.Rendering.Universal.TonemappingModeParameter" preserve="nothing" serialized="true" />
  </assembly>
  <assembly fullname="Unity.ResourceManager, Version=0.0.0.0, Culture=neutral, PublicKeyToken=null" preserve="all">
    <type fullname="UnityEngine.ResourceManagement.ResourceProviders.AssetBundleProvider" preserve="all" />
    <type fullname="UnityEngine.ResourceManagement.ResourceProviders.BundledAssetProvider" preserve="all" />
    <type fullname="UnityEngine.ResourceManagement.ResourceProviders.InstanceProvider" preserve="all" />
    <type fullname="UnityEngine.ResourceManagement.ResourceProviders.SceneProvider" preserve="all" />
  </assembly>
  <assembly fullname="Unity.Splines, Version=0.0.0.0, Culture=neutral, PublicKeyToken=null">
    <type fullname="UnityEngine.Splines.SplineContainer" preserve="all" />
    <type fullname="UnityEngine.Splines.BezierKnot" preserve="nothing" serialized="true" />
    <type fullname="UnityEngine.Splines.KnotLinkCollection" preserve="nothing" serialized="true" />
    <type fullname="UnityEngine.Splines.Spline" preserve="nothing" serialized="true" />
    <type fullname="UnityEngine.Splines.Spline/MetaData" preserve="nothing" serialized="true" />
    <type fullname="UnityEngine.Splines.SplineDataDictionary`1" preserve="nothing" serialized="true" />
  </assembly>
  <assembly fullname="Unity.TextMeshPro, Version=0.0.0.0, Culture=neutral, PublicKeyToken=null">
    <type fullname="TMPro.TextMeshProUGUI" preserve="all" />
    <type fullname="TMPro.TMP_FontAsset" preserve="all" />
    <type fullname="TMPro.FaceInfo_Legacy" preserve="nothing" serialized="true" />
    <type fullname="TMPro.FontAssetCreationSettings" preserve="nothing" serialized="true" />
    <type fullname="TMPro.KerningTable" preserve="nothing" serialized="true" />
    <type fullname="TMPro.TMP_Character" preserve="nothing" serialized="true" />
    <type fullname="TMPro.TMP_FontFeatureTable" preserve="nothing" serialized="true" />
    <type fullname="TMPro.TMP_FontWeightPair" preserve="nothing" serialized="true" />
    <type fullname="TMPro.VertexGradient" preserve="nothing" serialized="true" />
  </assembly>
  <assembly fullname="UnityEngine.AnimationModule, Version=0.0.0.0, Culture=neutral, PublicKeyToken=null">
    <type fullname="UnityEngine.AnimationClip" preserve="all" />
    <type fullname="UnityEngine.Animator" preserve="all" />
    <type fullname="UnityEngine.RuntimeAnimatorController" preserve="all" />
  </assembly>
  <assembly fullname="UnityEngine.AudioModule, Version=0.0.0.0, Culture=neutral, PublicKeyToken=null">
    <type fullname="UnityEngine.AudioClip" preserve="all" />
    <type fullname="UnityEngine.AudioListener" preserve="all" />
  </assembly>
  <assembly fullname="UnityEngine.CoreModule, Version=0.0.0.0, Culture=neutral, PublicKeyToken=null">
    <type fullname="UnityEngine.Camera" preserve="all" />
    <type fullname="UnityEngine.Cubemap" preserve="all" />
    <type fullname="UnityEngine.GameObject" preserve="all" />
    <type fullname="UnityEngine.Light" preserve="all" />
    <type fullname="UnityEngine.LightmapSettings" preserve="all" />
    <type fullname="UnityEngine.Material" preserve="all" />
    <type fullname="UnityEngine.Mesh" preserve="all" />
    <type fullname="UnityEngine.MeshFilter" preserve="all" />
    <type fullname="UnityEngine.MeshRenderer" preserve="all" />
    <type fullname="UnityEngine.Object" preserve="all" />
    <type fullname="UnityEngine.RectTransform" preserve="all" />
    <type fullname="UnityEngine.RenderSettings" preserve="all" />
    <type fullname="UnityEngine.Shader" preserve="all" />
    <type fullname="UnityEngine.Sprite" preserve="all" />
    <type fullname="UnityEngine.Texture2D" preserve="all" />
    <type fullname="UnityEngine.Transform" preserve="all" />
    <type fullname="UnityEngine.Events.ArgumentCache" preserve="nothing" serialized="true" />
    <type fullname="UnityEngine.Events.PersistentCallGroup" preserve="nothing" serialized="true" />
    <type fullname="UnityEngine.Events.PersistentListenerMode" preserve="nothing" serialized="true" />
  </assembly>
  <assembly fullname="UnityEngine.PhysicsModule, Version=0.0.0.0, Culture=neutral, PublicKeyToken=null">
    <type fullname="UnityEngine.BoxCollider" preserve="all" />
    <type fullname="UnityEngine.CapsuleCollider" preserve="all" />
    <type fullname="UnityEngine.MeshCollider" preserve="all" />
    <type fullname="UnityEngine.Rigidbody" preserve="all" />
  </assembly>
  <assembly fullname="UnityEngine.TextRenderingModule, Version=0.0.0.0, Culture=neutral, PublicKeyToken=null">
    <type fullname="UnityEngine.Font" preserve="all" />
  </assembly>
  <assembly fullname="UnityEngine.UI, Version=1.0.0.0, Culture=neutral, PublicKeyToken=null">
    <type fullname="UnityEngine.EventSystems.EventSystem" preserve="all" />
    <type fullname="UnityEngine.UI.Button" preserve="all" />
    <type fullname="UnityEngine.UI.CanvasScaler" preserve="all" />
    <type fullname="UnityEngine.UI.GraphicRaycaster" preserve="all" />
    <type fullname="UnityEngine.UI.Image" preserve="all" />
    <type fullname="UnityEngine.UI.AnimationTriggers" preserve="nothing" serialized="true" />
    <type fullname="UnityEngine.UI.Button/ButtonClickedEvent" preserve="nothing" serialized="true" />
    <type fullname="UnityEngine.UI.ColorBlock" preserve="nothing" serialized="true" />
    <type fullname="UnityEngine.UI.MaskableGraphic/CullStateChangedEvent" preserve="nothing" serialized="true" />
    <type fullname="UnityEngine.UI.Navigation" preserve="nothing" serialized="true" />
    <type fullname="UnityEngine.UI.SpriteState" preserve="nothing" serialized="true" />
  </assembly>
  <assembly fullname="UnityEngine.UIModule, Version=0.0.0.0, Culture=neutral, PublicKeyToken=null">
    <type fullname="UnityEngine.Canvas" preserve="all" />
    <type fullname="UnityEngine.CanvasRenderer" preserve="all" />
  </assembly>
  <assembly fullname="Unity.Mathematics">
    <type fullname="Unity.Mathematics.float3" preserve="nothing" serialized="true" />
    <type fullname="Unity.Mathematics.float4" preserve="nothing" serialized="true" />
    <type fullname="Unity.Mathematics.quaternion" preserve="nothing" serialized="true" />
  </assembly>
  <assembly fullname="UnityEngine.TextCoreFontEngineModule">
    <type fullname="UnityEngine.TextCore.FaceInfo" preserve="nothing" serialized="true" />
    <type fullname="UnityEngine.TextCore.Glyph" preserve="nothing" serialized="true" />
    <type fullname="UnityEngine.TextCore.GlyphMetrics" preserve="nothing" serialized="true" />
    <type fullname="UnityEngine.TextCore.GlyphRect" preserve="nothing" serialized="true" />
    <type fullname="UnityEngine.TextCore.LowLevel.GlyphAdjustmentRecord" preserve="nothing" serialized="true" />
    <type fullname="UnityEngine.TextCore.LowLevel.GlyphPairAdjustmentRecord" preserve="nothing" serialized="true" />
    <type fullname="UnityEngine.TextCore.LowLevel.GlyphValueRecord" preserve="nothing" serialized="true" />
  </assembly>
</linker>